,gpt4,gpt4turbo,mc30,rg65,ws353
gpt35turbo,0.8940090539087919,0.9090810126098563,0.8576699068593748,0.8399745819174305,0.8643390581908953
gpt4,,0.906786609031146,0.8768445661932275,0.8800563197113143,0.8529502891535133
gpt4turbo,,,0.9147253260244247,0.9172945918666168,0.8824239065227057
mc30,,,,0.9683630799456764,0.9464737241048714
rg65,,,,,0.9123260348418541
